--CATEGORIAS
INSERT INTO categoria_cnh (idcategoriacnh,descricao) VALUES ('A','Veículo motorizado de duas ou três rodas, com ou sem carro lateral. Ex.: Motocicleta, Ciclomotor, Motoneta ou Triciclo');
INSERT INTO categoria_cnh (idcategoriacnh,descricao) VALUES ('B','Veículos cujo peso bruto total não exceda a 3500 kg ou cuja lotação não exceda 8 lugares, excluído o do motorista. Ex.: Automóvel, caminhonete, camioneta, utilitário.');
INSERT INTO categoria_cnh (idcategoriacnh,descricao) VALUES ('C','Veículos utilizados no transporte de carga e que exceda os 3500 kg. Ex: Caminhão.');
INSERT INTO categoria_cnh (idcategoriacnh,descricao) VALUES ('D',' Veículos utilizados no transporte de passageiros, cuja lotação exceda a 08 passageiros, excluindo o motorista. Ex: Micro-ônibus, Ônibus');
INSERT INTO categoria_cnh (idcategoriacnh,descricao) VALUES ('E','Todos os veículos das categorias B, C ou D e cuja unidade acoplada, reboque, semi reboque, trailer ou articulada tenha 6.000 kg ou mais de peso bruto total');
INSERT INTO categoria_cnh (idcategoriacnh,descricao) VALUES ('ACC','ACC abrangem todos os veículos que podem ser conduzidos no Brasil.');
INSERT INTO categoria_cnh (idcategoriacnh,descricao) VALUES ('AB','AB abrangem todos os veículos que podem ser conduzidos no Brasil.');


--ESTADOS
INSERT INTO estado (id_uf,nome) VALUES ('AC','Acre');
INSERT INTO estado (id_uf,nome) VALUES ('AL','Alagoas');
INSERT INTO estado (id_uf,nome) VALUES ('AP','Amapá');
INSERT INTO estado (id_uf,nome) VALUES ('AM','Amazonas');
INSERT INTO estado (id_uf,nome) VALUES ('BA','Bahia');
INSERT INTO estado (id_uf,nome) VALUES ('CE','Ceará');
INSERT INTO estado (id_uf,nome) VALUES ('DF','Distrito Federal');
INSERT INTO estado (id_uf,nome) VALUES ('ES','Espírito Santo');
INSERT INTO estado (id_uf,nome) VALUES ('GO','Goiás');
INSERT INTO estado (id_uf,nome) VALUES ('MA','Maranhão');
INSERT INTO estado (id_uf,nome) VALUES ('MT','Mato Grosso');
INSERT INTO estado (id_uf,nome) VALUES ('MS','Mato Grosso do Sul');
INSERT INTO estado (id_uf,nome) VALUES ('MG','Minas Gerais');
INSERT INTO estado (id_uf,nome) VALUES ('PA','Pará');
INSERT INTO estado (id_uf,nome) VALUES ('PB','Paraíba');
INSERT INTO estado (id_uf,nome) VALUES ('PR','Paraná');
INSERT INTO estado (id_uf,nome) VALUES ('PE','Pernambuco');
INSERT INTO estado (id_uf,nome) VALUES ('PI','Piauí');
INSERT INTO estado (id_uf,nome) VALUES ('RR','Roraima ');
INSERT INTO estado (id_uf,nome) VALUES ('RO',' Rondônia');
INSERT INTO estado (id_uf,nome) VALUES ('RJ',' Rio de Janeiro');
INSERT INTO estado (id_uf,nome) VALUES ('RN','Rio Grande do Norte');
INSERT INTO estado (id_uf,nome) VALUES ('RS','Rio Grande do Sul');
INSERT INTO estado (id_uf,nome) VALUES ('SC','Santa Catarina');
INSERT INTO estado (id_uf,nome) VALUES ('SP','São Paulo');
INSERT INTO estado (id_uf,nome) VALUES ('SE','Sergipe');
INSERT INTO estado (id_uf,nome) VALUES ('TO','Tocantins');


-----------------------------CIDADES---------------------------------------------
--ESTADO DA PARAIBA CIDADES

INSERT INTO cidade (idcidade,id_uf,nome) VALUES (1,'PB','Agua Branca');
INSERT INTO cidade (idcidade,id_uf,nome) VALUES (2,'PB','Aguiar');
INSERT INTO cidade (idcidade,id_uf,nome) VALUES (3,'PB','Alagoa Grande');
INSERT INTO cidade (idcidade,id_uf,nome) VALUES (4,'PB','Alagoa Nova');
INSERT INTO cidade (idcidade,id_uf,nome) VALUES (5,'PB','Alagoinha');
INSERT INTO cidade (idcidade,id_uf,nome) VALUES (6,'PB','Alcantil');
INSERT INTO cidade (idcidade,id_uf,nome) VALUES (7,'PB','Alhandra');
INSERT INTO cidade (idcidade,id_uf,nome) VALUES (8,'PB','Areia');
INSERT INTO cidade (idcidade,id_uf,nome) VALUES (9,'PB','Baia da Traicao');
INSERT INTO cidade (idcidade,id_uf,nome) VALUES (10,'PB','Bananeiras');
INSERT INTO cidade (idcidade,id_uf,nome) VALUES (11,'PB','Barauna');
INSERT INTO cidade (idcidade,id_uf,nome) VALUES (12,'PB','Barra de Santana');
INSERT INTO cidade (idcidade,id_uf,nome) VALUES (13,'PB','Barra de Sao Miguel');
INSERT INTO cidade (idcidade,id_uf,nome) VALUES (14,'PB','Bayeux');
INSERT INTO cidade (idcidade,id_uf,nome) VALUES (15,'PB','Belem do Brejo do Cruz');
INSERT INTO cidade (idcidade,id_uf,nome) VALUES (16,'PB','Belem');
INSERT INTO cidade (idcidade,id_uf,nome) VALUES (17,'PB','Caapora');
INSERT INTO cidade (idcidade,id_uf,nome) VALUES (18,'PB','Cabaceiras');
INSERT INTO cidade (idcidade,id_uf,nome) VALUES (19,'PB','Cabedelo');
INSERT INTO cidade (idcidade,id_uf,nome) VALUES (20,'PB','Cachoeira dos ?ndios');
INSERT INTO cidade (idcidade,id_uf,nome) VALUES (21,'PB','Caicara');
INSERT INTO cidade (idcidade,id_uf,nome) VALUES (22,'PB','Campina Grande');
INSERT INTO cidade (idcidade,id_uf,nome) VALUES (23,'PB','Catole do Rocha');
INSERT INTO cidade (idcidade,id_uf,nome) VALUES (24,'PB','Conceicao');
INSERT INTO cidade (idcidade,id_uf,nome) VALUES (25,'PB','Conde');
INSERT INTO cidade (idcidade,id_uf,nome) VALUES (26,'PB','Damiao');
INSERT INTO cidade (idcidade,id_uf,nome) VALUES (27,'PB','Desterro');
INSERT INTO cidade (idcidade,id_uf,nome) VALUES (28,'PB','Diamante');
INSERT INTO cidade (idcidade,id_uf,nome) VALUES (30,'PB','Dona Ines');
INSERT INTO cidade (idcidade,id_uf,nome) VALUES (31,'PB','Duas Estradas');
INSERT INTO cidade (idcidade,id_uf,nome) VALUES (32,'PB','Esperanca');
INSERT INTO cidade (idcidade,id_uf,nome) VALUES (33,'PB','Emas');
INSERT INTO cidade (idcidade,id_uf,nome) VALUES (34,'PB','Esperanca');
INSERT INTO cidade (idcidade,id_uf,nome) VALUES (35,'PB','Fagundes');
INSERT INTO cidade (idcidade,id_uf,nome) VALUES (36,'PB','Gado Bravo');
INSERT INTO cidade (idcidade,id_uf,nome) VALUES (37,'PB','Guarabira');
INSERT INTO cidade (idcidade,id_uf,nome) VALUES (38,'PB','Gurinhem');
INSERT INTO cidade (idcidade,id_uf,nome) VALUES (39,'PB','Gurjao');
INSERT INTO cidade (idcidade,id_uf,nome) VALUES (40,'PB','Ibiara');
INSERT INTO cidade (idcidade,id_uf,nome) VALUES (41,'PB','Igaracy');
INSERT INTO cidade (idcidade,id_uf,nome) VALUES (42,'PB','Inga');
INSERT INTO cidade (idcidade,id_uf,nome) VALUES (43,'PB','Itaporanga');
INSERT INTO cidade (idcidade,id_uf,nome) VALUES (44,'PB','Itapororoca');
INSERT INTO cidade (idcidade,id_uf,nome) VALUES (45,'PB','Joao Pessoa');
INSERT INTO cidade (idcidade,id_uf,nome) VALUES (46,'PB','Juarez Tavora');

--ESTADO DO ACRE CIDADES
INSERT INTO cidade (idcidade,id_uf,nome) VALUES (47,'AC','Acrelandia');
INSERT INTO cidade (idcidade,id_uf,nome) VALUES (48,'AC','Assis Brasil');
INSERT INTO cidade (idcidade,id_uf,nome) VALUES (49,'AC','Brasileia');
INSERT INTO cidade (idcidade,id_uf,nome) VALUES (50,'AC','Bujari');
INSERT INTO cidade (idcidade,id_uf,nome) VALUES (51,'AC','Capixaba');
INSERT INTO cidade (idcidade,id_uf,nome) VALUES (52,'AC','Cruzeiro do Sul');
INSERT INTO cidade (idcidade,id_uf,nome) VALUES (53,'AC','Feijo');
INSERT INTO cidade (idcidade,id_uf,nome) VALUES (54,'AC','Jordao');
INSERT INTO cidade (idcidade,id_uf,nome) VALUES (56,'AC','Mancio Lima');
INSERT INTO cidade (idcidade,id_uf,nome) VALUES (57,'AC','Manoel Urbano');
INSERT INTO cidade (idcidade,id_uf,nome) VALUES (58,'AC','Marechal Thaumaturgo');
INSERT INTO cidade (idcidade,id_uf,nome) VALUES (59,'AC','Placido de Castro');
INSERT INTO cidade (idcidade,id_uf,nome) VALUES (60,'AC','Porto Acre');
INSERT INTO cidade (idcidade,id_uf,nome) VALUES (61,'AC','Porto Walter');
INSERT INTO cidade (idcidade,id_uf,nome) VALUES (62,'AC','Rio Branco');
INSERT INTO cidade (idcidade,id_uf,nome) VALUES (63,'AC','Rodrigues Alves');
INSERT INTO cidade (idcidade,id_uf,nome) VALUES (64,'AC','Santa Rosa do Purus');
INSERT INTO cidade (idcidade,id_uf,nome) VALUES (65,'AC','Sena Madureira');
INSERT INTO cidade (idcidade,id_uf,nome) VALUES (66,'AC','Senador Guiomard');
INSERT INTO cidade (idcidade,id_uf,nome) VALUES (67,'AC','Tarauaca');
INSERT INTO cidade (idcidade,id_uf,nome) VALUES (68,'AC','Xapuri');

--ESTADO ALAGOAS CIDADES
INSERT INTO cidade (idcidade,id_uf,nome) VALUES (69,'AL','Agua Branca');
INSERT INTO cidade (idcidade,id_uf,nome) VALUES (70,'AL','Anadia');
INSERT INTO cidade (idcidade,id_uf,nome) VALUES (71,'AL','Arapiraca');
INSERT INTO cidade (idcidade,id_uf,nome) VALUES (72,'AL','Batalha');
INSERT INTO cidade (idcidade,id_uf,nome) VALUES (73,'AL','Belem');
INSERT INTO cidade (idcidade,id_uf,nome) VALUES (74,'AL','Belo Monte');
INSERT INTO cidade (idcidade,id_uf,nome) VALUES (75,'AL','Boca da Mata');
INSERT INTO cidade (idcidade,id_uf,nome) VALUES (76,'AL','Branquinha');
INSERT INTO cidade (idcidade,id_uf,nome) VALUES (78,'AL','Campo Alegre');
INSERT INTO cidade (idcidade,id_uf,nome) VALUES (79,'AL','Coite do Noia');
INSERT INTO cidade (idcidade,id_uf,nome) VALUES (80,'AL','Dois Riachos');

----ESTADO DO AMAPÁ CIDADES
INSERT INTO cidade (idcidade,id_uf,nome) VALUES (81,'AP','Calçoene.');
INSERT INTO cidade (idcidade,id_uf,nome) VALUES (82,'AP','Cutias.');
INSERT INTO cidade (idcidade,id_uf,nome) VALUES (83,'AP','Ferreira Gomes.');
INSERT INTO cidade (idcidade,id_uf,nome) VALUES (84,'AP','Itaubal.');
INSERT INTO cidade (idcidade,id_uf,nome) VALUES (85,'AP','Laranjal do Jari.');
INSERT INTO cidade (idcidade,id_uf,nome) VALUES (86,'AP','Macapá');
INSERT INTO cidade (idcidade,id_uf,nome) VALUES (87,'AP','Mazagão');
INSERT INTO cidade (idcidade,id_uf,nome) VALUES (88,'AP','Porto Grande');
INSERT INTO cidade (idcidade,id_uf,nome) VALUES (89,'AP','Pracuuba');
INSERT INTO cidade (idcidade,id_uf,nome) VALUES (90,'AP','Santana');
INSERT INTO cidade (idcidade,id_uf,nome) VALUES (91,'AP','Serra do Navio');
INSERT INTO cidade (idcidade,id_uf,nome) VALUES (92,'AP','Tartarugalzinho');
INSERT INTO cidade (idcidade,id_uf,nome) VALUES (93,'AP','Vitoria do Jari');
INSERT INTO cidade (idcidade,id_uf,nome) VALUES (94,'AP','Oiapoque');

----ESTADO DO AMAZONAS CIDADES
INSERT INTO cidade (idcidade,id_uf,nome) VALUES (95,'AM','Alvaraes');
INSERT INTO cidade (idcidade,id_uf,nome) VALUES (96,'AM','Amatura');
INSERT INTO cidade (idcidade,id_uf,nome) VALUES (97,'AM','Anama');
INSERT INTO cidade (idcidade,id_uf,nome) VALUES (98,'AM','Barcelos');
INSERT INTO cidade (idcidade,id_uf,nome) VALUES (99,'AM','Boa Vista do Ramos');
INSERT INTO cidade (idcidade,id_uf,nome) VALUES (101,'AM','Carauari');
INSERT INTO cidade (idcidade,id_uf,nome) VALUES (102,'AM','Codajas');
INSERT INTO cidade (idcidade,id_uf,nome) VALUES (103,'AM','Guajara');
INSERT INTO cidade (idcidade,id_uf,nome) VALUES (104,'AM','Humaita');
INSERT INTO cidade (idcidade,id_uf,nome) VALUES (105,'AM','Japura');
INSERT INTO cidade (idcidade,id_uf,nome) VALUES (106,'AM','Jurua');
INSERT INTO cidade (idcidade,id_uf,nome) VALUES (107,'AM','Nhamunda');
INSERT INTO cidade (idcidade,id_uf,nome) VALUES (108,'AM','Presidente Figueiredo');
INSERT INTO cidade (idcidade,id_uf,nome) VALUES (109,'AM','Urucurituba');

----ESTADO DA BHAIA CIDADES
INSERT INTO cidade (idcidade,id_uf,nome) VALUES (110,'BA','Abaira');
INSERT INTO cidade (idcidade,id_uf,nome) VALUES (111,'BA','Abare');
INSERT INTO cidade (idcidade,id_uf,nome) VALUES (112,'BA','Barra do Choca');
INSERT INTO cidade (idcidade,id_uf,nome) VALUES (113,'BA','Barro Alto');
INSERT INTO cidade (idcidade,id_uf,nome) VALUES (114,'BA','Caatiba');
INSERT INTO cidade (idcidade,id_uf,nome) VALUES (115,'BA','Caem');
INSERT INTO cidade (idcidade,id_uf,nome) VALUES (116,'BA','Codajas');
INSERT INTO cidade (idcidade,id_uf,nome) VALUES (117,'BA','Esplanada');
INSERT INTO cidade (idcidade,id_uf,nome) VALUES (118,'BA','Gentio do Ouro');
INSERT INTO cidade (idcidade,id_uf,nome) VALUES (119,'BA','Ibicui');
INSERT INTO cidade (idcidade,id_uf,nome) VALUES (120,'BA','Iguai');
INSERT INTO cidade (idcidade,id_uf,nome) VALUES (121,'BA','Jiquirica');
INSERT INTO cidade (idcidade,id_uf,nome) VALUES (122,'BA','Madre de Deus');
INSERT INTO cidade (idcidade,id_uf,nome) VALUES (123,'BA','Oliveira dos Brejinhos');

----ESTADO DO CEARÁ CIDADES
INSERT INTO cidade (idcidade,id_uf,nome) VALUES (124,'CE','Abaiara');
INSERT INTO cidade (idcidade,id_uf,nome) VALUES (125,'CE','Acarau');
INSERT INTO cidade (idcidade,id_uf,nome) VALUES (126,'CE','Boa Viagem');
INSERT INTO cidade (idcidade,id_uf,nome) VALUES (127,'CE','Carnaubal');
INSERT INTO cidade (idcidade,id_uf,nome) VALUES (128,'CE','Chorozinho');
INSERT INTO cidade (idcidade,id_uf,nome) VALUES (129,'CE','Choro');
INSERT INTO cidade (idcidade,id_uf,nome) VALUES (130,'CE','Codajas');
INSERT INTO cidade (idcidade,id_uf,nome) VALUES (131,'CE','General Sampaio');
INSERT INTO cidade (idcidade,id_uf,nome) VALUES (132,'CE','Ico');
INSERT INTO cidade (idcidade,id_uf,nome) VALUES (133,'CE','Jardim');
INSERT INTO cidade (idcidade,id_uf,nome) VALUES (134,'CE','Porteiras');
INSERT INTO cidade (idcidade,id_uf,nome) VALUES (135,'CE','Quixada');
INSERT INTO cidade (idcidade,id_uf,nome) VALUES (136,'CE','Sobral');
INSERT INTO cidade (idcidade,id_uf,nome) VALUES (137,'CE','Trairi');

----ESTADO DO DESTRITO FEDERAL CIDADES
INSERT INTO cidade (idcidade,id_uf,nome) VALUES (138,'DF','Brasília');
INSERT INTO cidade (idcidade,id_uf,nome) VALUES (139,'DF','Riacho Fundo');
INSERT INTO cidade (idcidade,id_uf,nome) VALUES (140,'DF','Candangolândia');
INSERT INTO cidade (idcidade,id_uf,nome) VALUES (141,'DF','Samambaia');
INSERT INTO cidade (idcidade,id_uf,nome) VALUES (142,'DF','Guará');
INSERT INTO cidade (idcidade,id_uf,nome) VALUES (143,'DF','São Sebastião');
INSERT INTO cidade (idcidade,id_uf,nome) VALUES (144,'DF','Ceilândia');
INSERT INTO cidade (idcidade,id_uf,nome) VALUES (145,'DF','Lago Norte');
INSERT INTO cidade (idcidade,id_uf,nome) VALUES (146,'DF','Sobradinho');
INSERT INTO cidade (idcidade,id_uf,nome) VALUES (147,'DF','Lago Sul');
INSERT INTO cidade (idcidade,id_uf,nome) VALUES (148,'DF','Planaltina');
INSERT INTO cidade (idcidade,id_uf,nome) VALUES (149,'DF','Recanto das Emas');
INSERT INTO cidade (idcidade,id_uf,nome) VALUES (150,'DF','Brazlândia');
INSERT INTO cidade (idcidade,id_uf,nome) VALUES (151,'DF','Núcleo Bandeirante');

----ESTADO DO ESPIRITO SANTO FEDERAL CIDADES
INSERT INTO cidade (idcidade,id_uf,nome) VALUES (152,'ES','Afonso Claudio');
INSERT INTO cidade (idcidade,id_uf,nome) VALUES (153,'ES','Agua Doce do Norte');
INSERT INTO cidade (idcidade,id_uf,nome) VALUES (154,'ES','Baixo Guandu');
INSERT INTO cidade (idcidade,id_uf,nome) VALUES (155,'ES','Bom Jesus do Norte');
INSERT INTO cidade (idcidade,id_uf,nome) VALUES (156,'ES','Castelo');
INSERT INTO cidade (idcidade,id_uf,nome) VALUES (157,'ES','Fundao');
INSERT INTO cidade (idcidade,id_uf,nome) VALUES (158,'ES','Laranja da Terra');
INSERT INTO cidade (idcidade,id_uf,nome) VALUES (159,'ES','Pancas');
INSERT INTO cidade (idcidade,id_uf,nome) VALUES (160,'ES','Pedro Canario');
INSERT INTO cidade (idcidade,id_uf,nome) VALUES (161,'ES','Rio Novo do Sul');
INSERT INTO cidade (idcidade,id_uf,nome) VALUES (162,'ES','Nova Venecia');
INSERT INTO cidade (idcidade,id_uf,nome) VALUES (163,'ES','Sao Roque do Canaa');
INSERT INTO cidade (idcidade,id_uf,nome) VALUES (164,'ES','Rio Bananal');
INSERT INTO cidade (idcidade,id_uf,nome) VALUES (165,'ES','Vitoria');

----ESTADO DO GOIÁS CIDADES
INSERT INTO cidade (idcidade,id_uf,nome) VALUES (166,'GO','Abadia de Goias');
INSERT INTO cidade (idcidade,id_uf,nome) VALUES (167,'GO','Abadiania');
INSERT INTO cidade (idcidade,id_uf,nome) VALUES (168,'GO','Americano do Brasil');
INSERT INTO cidade (idcidade,id_uf,nome) VALUES (169,'GO','Aracu');
INSERT INTO cidade (idcidade,id_uf,nome) VALUES (170,'GO','Baliza');
INSERT INTO cidade (idcidade,id_uf,nome) VALUES (171,'GO','Buriti de Goias');
INSERT INTO cidade (idcidade,id_uf,nome) VALUES (172,'GO','Campestre de Goias');
INSERT INTO cidade (idcidade,id_uf,nome) VALUES (173,'GO','Campinacu');
INSERT INTO cidade (idcidade,id_uf,nome) VALUES (174,'GO','Damianopolis');
INSERT INTO cidade (idcidade,id_uf,nome) VALUES (175,'GO','Estrela do Norte');
INSERT INTO cidade (idcidade,id_uf,nome) VALUES (176,'GO','Fazenda Nova');
INSERT INTO cidade (idcidade,id_uf,nome) VALUES (177,'GO','Faina');
INSERT INTO cidade (idcidade,id_uf,nome) VALUES (178,'GO','Leopoldo de Bulhoes');
INSERT INTO cidade (idcidade,id_uf,nome) VALUES (179,'GO','Minacu');

----ESTADO DO MARANHÃO  CIDADES
INSERT INTO cidade (idcidade,id_uf,nome) VALUES (180,'MA','Acailandia');
INSERT INTO cidade (idcidade,id_uf,nome) VALUES (181,'MA','Afonso Cunha');
INSERT INTO cidade (idcidade,id_uf,nome) VALUES (182,'MA','Axixa');
INSERT INTO cidade (idcidade,id_uf,nome) VALUES (183,'MA','Bacabal');
INSERT INTO cidade (idcidade,id_uf,nome) VALUES (184,'MA','Bacuri');
INSERT INTO cidade (idcidade,id_uf,nome) VALUES (185,'MA','Buriti Bravo');
INSERT INTO cidade (idcidade,id_uf,nome) VALUES (186,'MA','Cedral');
INSERT INTO cidade (idcidade,id_uf,nome) VALUES (187,'MA','Codo');
INSERT INTO cidade (idcidade,id_uf,nome) VALUES (188,'MA','Conceicao do Lago-Acu');
INSERT INTO cidade (idcidade,id_uf,nome) VALUES (189,'MA','Estrela do Norte');
INSERT INTO cidade (idcidade,id_uf,nome) VALUES (190,'MA','Estreito');
INSERT INTO cidade (idcidade,id_uf,nome) VALUES (191,'MA','Fortuna');
INSERT INTO cidade (idcidade,id_uf,nome) VALUES (192,'MA','Godofredo Viana');
INSERT INTO cidade (idcidade,id_uf,nome) VALUES (193,'MA','Graca Aranha');

----ESTADO DO MATO GROSSO  CIDADES
INSERT INTO cidade (idcidade,id_uf,nome) VALUES (194,'MT','Acailandia');
INSERT INTO cidade (idcidade,id_uf,nome) VALUES (195,'MT','Afonso Cunha');
INSERT INTO cidade (idcidade,id_uf,nome) VALUES (196,'MT','Axixa');
INSERT INTO cidade (idcidade,id_uf,nome) VALUES (197,'MT','Bacabal');
INSERT INTO cidade (idcidade,id_uf,nome) VALUES (198,'MT','Bacuri');
INSERT INTO cidade (idcidade,id_uf,nome) VALUES (199,'MT','Buriti Bravo');
INSERT INTO cidade (idcidade,id_uf,nome) VALUES (200,'MT','Cedral');
INSERT INTO cidade (idcidade,id_uf,nome) VALUES (201,'MT','Codo');
INSERT INTO cidade (idcidade,id_uf,nome) VALUES (202,'MT','Conceicao do Lago-Acu');
INSERT INTO cidade (idcidade,id_uf,nome) VALUES (203,'MT','Estrela do Norte');
INSERT INTO cidade (idcidade,id_uf,nome) VALUES (204,'MT','Estreito');
INSERT INTO cidade (idcidade,id_uf,nome) VALUES (205,'MT','Fortuna');
INSERT INTO cidade (idcidade,id_uf,nome) VALUES (206,'MT','Godofredo Viana');
INSERT INTO cidade (idcidade,id_uf,nome) VALUES (207,'MT','Graca Aranha');

----ESTADO DO MATO GROSSO  DO SUL CIDADES
INSERT INTO cidade (idcidade,id_uf,nome) VALUES (208,'MS','Agua Clara');
INSERT INTO cidade (idcidade,id_uf,nome) VALUES (209,'MS','Alcinopolis');
INSERT INTO cidade (idcidade,id_uf,nome) VALUES (210,'MS','Bonito');
INSERT INTO cidade (idcidade,id_uf,nome) VALUES (211,'MS','Caarapo');
INSERT INTO cidade (idcidade,id_uf,nome) VALUES (212,'MS','Corumba');
INSERT INTO cidade (idcidade,id_uf,nome) VALUES (213,'MS','Coxim');
INSERT INTO cidade (idcidade,id_uf,nome) VALUES (214,'MS','Eldorado');
INSERT INTO cidade (idcidade,id_uf,nome) VALUES (215,'MS','Jaraguari');
INSERT INTO cidade (idcidade,id_uf,nome) VALUES (216,'MS','Laguna Carapa');
INSERT INTO cidade (idcidade,id_uf,nome) VALUES (217,'MS','Nova Alvorada do Sul');
INSERT INTO cidade (idcidade,id_uf,nome) VALUES (218,'MS','Rio Brilhante');
INSERT INTO cidade (idcidade,id_uf,nome) VALUES (219,'MS','Tres Lagoas');
INSERT INTO cidade (idcidade,id_uf,nome) VALUES (220,'MS','Vicentina');
INSERT INTO cidade (idcidade,id_uf,nome) VALUES (221,'MS','Ribas do Rio Pardo');

----ESTADO DO MINAS GERAIS  CIDADES
INSERT INTO cidade (idcidade,id_uf,nome) VALUES (222,'MG','Acucena');
INSERT INTO cidade (idcidade,id_uf,nome) VALUES (223,'MG','Alagoa');
INSERT INTO cidade (idcidade,id_uf,nome) VALUES (224,'MG','Bela Vista de Minas');
INSERT INTO cidade (idcidade,id_uf,nome) VALUES (225,'MG','Belo Horizonte');
INSERT INTO cidade (idcidade,id_uf,nome) VALUES (226,'MG','Campanha');
INSERT INTO cidade (idcidade,id_uf,nome) VALUES (227,'MG','Campos Gerais');
INSERT INTO cidade (idcidade,id_uf,nome) VALUES (228,'MG','Irai de Minas');
INSERT INTO cidade (idcidade,id_uf,nome) VALUES (229,'MG','Itaipe');
INSERT INTO cidade (idcidade,id_uf,nome) VALUES (230,'MG','Laguna Carapa');
INSERT INTO cidade (idcidade,id_uf,nome) VALUES (231,'MG','Lagamar');
INSERT INTO cidade (idcidade,id_uf,nome) VALUES (232,'MG','Leandro Ferreira');
INSERT INTO cidade (idcidade,id_uf,nome) VALUES (233,'MG','Mar de Espanha');
INSERT INTO cidade (idcidade,id_uf,nome) VALUES (234,'MG','Perdoes');
INSERT INTO cidade (idcidade,id_uf,nome) VALUES (235,'MG','Pimenta');

----ESTADO DO PARÁ CIDADES
INSERT INTO cidade (idcidade,id_uf,nome) VALUES (236,'PA','Alenquer');
INSERT INTO cidade (idcidade,id_uf,nome) VALUES (237,'PA','Almeirim');
INSERT INTO cidade (idcidade,id_uf,nome) VALUES (238,'PA','Juruti');
INSERT INTO cidade (idcidade,id_uf,nome) VALUES (239,'PA','Belterra');
INSERT INTO cidade (idcidade,id_uf,nome) VALUES (240,'PA','Faro');
INSERT INTO cidade (idcidade,id_uf,nome) VALUES (241,'PA','Mojuí dos Campos');
INSERT INTO cidade (idcidade,id_uf,nome) VALUES (242,'PA','Obidos');
INSERT INTO cidade (idcidade,id_uf,nome) VALUES (243,'PA','Santarém');
INSERT INTO cidade (idcidade,id_uf,nome) VALUES (244,'PA','Terra Santa');
INSERT INTO cidade (idcidade,id_uf,nome) VALUES (245,'PA','Castanhal');
INSERT INTO cidade (idcidade,id_uf,nome) VALUES (246,'PA','Marituba');
INSERT INTO cidade (idcidade,id_uf,nome) VALUES (247,'PA','Bagre');
INSERT INTO cidade (idcidade,id_uf,nome) VALUES (248,'PA','Portel');
INSERT INTO cidade (idcidade,id_uf,nome) VALUES (249,'PA','Colares');

----ESTADO DO PARANÁ CIDADES
INSERT INTO cidade (idcidade,id_uf,nome) VALUES (250,'PR','Abatia');
INSERT INTO cidade (idcidade,id_uf,nome) VALUES (251,'PR','Altamira do Parana');
INSERT INTO cidade (idcidade,id_uf,nome) VALUES (252,'PR','Candoi');
INSERT INTO cidade (idcidade,id_uf,nome) VALUES (253,'PR','Ceu Azul');
INSERT INTO cidade (idcidade,id_uf,nome) VALUES (254,'PR','Dois Vizinhos');
INSERT INTO cidade (idcidade,id_uf,nome) VALUES (256,'PR','Diamante do Sul');
INSERT INTO cidade (idcidade,id_uf,nome) VALUES (257,'PR','Farol');
INSERT INTO cidade (idcidade,id_uf,nome) VALUES (258,'PR','Faxinal');
INSERT INTO cidade (idcidade,id_uf,nome) VALUES (259,'PR','Curitiba');
INSERT INTO cidade (idcidade,id_uf,nome) VALUES (260,'PR','Francisco Beltrao');
INSERT INTO cidade (idcidade,id_uf,nome) VALUES (261,'PR','General Carneiro');
INSERT INTO cidade (idcidade,id_uf,nome) VALUES (262,'PR','Mallet');
INSERT INTO cidade (idcidade,id_uf,nome) VALUES (263,'PR','Perola');
INSERT INTO cidade (idcidade,id_uf,nome) VALUES (264,'PR','Rio Azul');

----ESTADO DO PERNAMBUCO CIDADES
INSERT INTO cidade (idcidade,id_uf,nome) VALUES (265,'PE','Recife');
INSERT INTO cidade (idcidade,id_uf,nome) VALUES (266,'PE','Abreu e Lima');
INSERT INTO cidade (idcidade,id_uf,nome) VALUES (267,'PE','Buenos Aires');
INSERT INTO cidade (idcidade,id_uf,nome) VALUES (268,'PE','Capoeiras');
INSERT INTO cidade (idcidade,id_uf,nome) VALUES (269,'PE','Cha de Alegria');
INSERT INTO cidade (idcidade,id_uf,nome) VALUES (270,'PE','Correntes');
INSERT INTO cidade (idcidade,id_uf,nome) VALUES (271,'PE','Jatoba');
INSERT INTO cidade (idcidade,id_uf,nome) VALUES (272,'PE','Limoeiro');
INSERT INTO cidade (idcidade,id_uf,nome) VALUES (273,'PE','Panelas');
INSERT INTO cidade (idcidade,id_uf,nome) VALUES (274,'PE','Petrolandia');
INSERT INTO cidade (idcidade,id_uf,nome) VALUES (275,'PE','Petrolina');
INSERT INTO cidade (idcidade,id_uf,nome) VALUES (276,'PE','Salgadinho');
INSERT INTO cidade (idcidade,id_uf,nome) VALUES (277,'PE','Serrita');
INSERT INTO cidade (idcidade,id_uf,nome) VALUES (278,'PE','Verdejante');

----ESTADO DO PIAUÍ CIDADES
INSERT INTO cidade (idcidade,id_uf,nome) VALUES (279,'PI','Acaua');
INSERT INTO cidade (idcidade,id_uf,nome) VALUES (280,'PI','Arraial');
INSERT INTO cidade (idcidade,id_uf,nome) VALUES (281,'PI','Batalha');
INSERT INTO cidade (idcidade,id_uf,nome) VALUES (282,'PI','Cocal');
INSERT INTO cidade (idcidade,id_uf,nome) VALUES (283,'PI','Currais');
INSERT INTO cidade (idcidade,id_uf,nome) VALUES (284,'PI','Terezina');
INSERT INTO cidade (idcidade,id_uf,nome) VALUES (285,'PI','Jardim do Mulato');
INSERT INTO cidade (idcidade,id_uf,nome) VALUES (286,'PI','Joca Marques');
INSERT INTO cidade (idcidade,id_uf,nome) VALUES (287,'PI','Lagoa do Piaui');
INSERT INTO cidade (idcidade,id_uf,nome) VALUES (288,'PI','Pajeu do Piaui');
INSERT INTO cidade (idcidade,id_uf,nome) VALUES (289,'PI','Sao Joao da Serra');
INSERT INTO cidade (idcidade,id_uf,nome) VALUES (290,'PI','Uniao');
INSERT INTO cidade (idcidade,id_uf,nome) VALUES (291,'PI','Serrita');
INSERT INTO cidade (idcidade,id_uf,nome) VALUES (292,'PI','Wall Ferraz');

----ESTADO DO RORAIMA CIDADES
INSERT INTO cidade (idcidade,id_uf,nome) VALUES (293,'RR','Boa vista');
INSERT INTO cidade (idcidade,id_uf,nome) VALUES (294,'RR','Alto Alegre');
INSERT INTO cidade (idcidade,id_uf,nome) VALUES (295,'RR','Bonfim');
INSERT INTO cidade (idcidade,id_uf,nome) VALUES (296,'RR','Cantá');
INSERT INTO cidade (idcidade,id_uf,nome) VALUES (297,'RR','Caracaraí');
INSERT INTO cidade (idcidade,id_uf,nome) VALUES (298,'RR','Caroebe');
INSERT INTO cidade (idcidade,id_uf,nome) VALUES (299,'RR','Iracema');
INSERT INTO cidade (idcidade,id_uf,nome) VALUES (300,'RR','Mucajaí');
INSERT INTO cidade (idcidade,id_uf,nome) VALUES (301,'RR','Normandia');
INSERT INTO cidade (idcidade,id_uf,nome) VALUES (302,'RR','São João da Baliza');
INSERT INTO cidade (idcidade,id_uf,nome) VALUES (303,'RR','São Luís');
INSERT INTO cidade (idcidade,id_uf,nome) VALUES (304,'RR','Uiramutã');
INSERT INTO cidade (idcidade,id_uf,nome) VALUES (305,'RR','Amajari');
INSERT INTO cidade (idcidade,id_uf,nome) VALUES (306,'RR','Rorainópolis');

----ESTADO DO RONDÔNIA CIDADES
INSERT INTO cidade (idcidade,id_uf,nome) VALUES (307,'RO','Porto verlho');
INSERT INTO cidade (idcidade,id_uf,nome) VALUES (308,'RO','Alta Floresta do Oeste');
INSERT INTO cidade (idcidade,id_uf,nome) VALUES (309,'RO','Campo Novo de Rondonia');
INSERT INTO cidade (idcidade,id_uf,nome) VALUES (310,'RO','Mirante da Serra');
INSERT INTO cidade (idcidade,id_uf,nome) VALUES (311,'RO','Ouro Preto do Oeste');
INSERT INTO cidade (idcidade,id_uf,nome) VALUES (312,'RO','Pimenta Bueno');
INSERT INTO cidade (idcidade,id_uf,nome) VALUES (313,'RO','Seringueiras');
INSERT INTO cidade (idcidade,id_uf,nome) VALUES (314,'RO','Vale do Anari');
INSERT INTO cidade (idcidade,id_uf,nome) VALUES (315,'RO','Vale do Paraiso');
INSERT INTO cidade (idcidade,id_uf,nome) VALUES (316,'RO','Rio Crespo');
INSERT INTO cidade (idcidade,id_uf,nome) VALUES (317,'RO','São Luís');
INSERT INTO cidade (idcidade,id_uf,nome) VALUES (318,'RO','Theobroma');
INSERT INTO cidade (idcidade,id_uf,nome) VALUES (319,'RO','Urupa');
INSERT INTO cidade (idcidade,id_uf,nome) VALUES (320,'RO','Vilhena');

----ESTADO DO RIO DE JANEIRO CIDADES
INSERT INTO cidade (idcidade,id_uf,nome) VALUES (321,'RJ','Rio de Janeiro');
INSERT INTO cidade (idcidade,id_uf,nome) VALUES (322,'RJ','Angra dos Reis');
INSERT INTO cidade (idcidade,id_uf,nome) VALUES (323,'RJ','Areal');
INSERT INTO cidade (idcidade,id_uf,nome) VALUES (324,'RJ','Carapebus');
INSERT INTO cidade (idcidade,id_uf,nome) VALUES (325,'RJ','Mage');
INSERT INTO cidade (idcidade,id_uf,nome) VALUES (326,'RJ','Porto Real');
INSERT INTO cidade (idcidade,id_uf,nome) VALUES (327,'RJ','Quatis');
INSERT INTO cidade (idcidade,id_uf,nome) VALUES (328,'RJ','Silva Jardim');
INSERT INTO cidade (idcidade,id_uf,nome) VALUES (329,'RJ','Sumidouro');
INSERT INTO cidade (idcidade,id_uf,nome) VALUES (330,'RJ','Tangua');
INSERT INTO cidade (idcidade,id_uf,nome) VALUES (331,'RJ','Teresopolis');
INSERT INTO cidade (idcidade,id_uf,nome) VALUES (332,'RJ','Trajano de Morais');
INSERT INTO cidade (idcidade,id_uf,nome) VALUES (333,'RJ','Tres Rios');
INSERT INTO cidade (idcidade,id_uf,nome) VALUES (334,'RJ','Vassouras');

----ESTADO DO RIO GRANDE DO NORTE CIDADES
INSERT INTO cidade (idcidade,id_uf,nome) VALUES (335,'RN','Natal');
INSERT INTO cidade (idcidade,id_uf,nome) VALUES (336,'RN','Acari');
INSERT INTO cidade (idcidade,id_uf,nome) VALUES (337,'RN','Agua Nova');
INSERT INTO cidade (idcidade,id_uf,nome) VALUES (338,'RN','Afonso Bezerra');
INSERT INTO cidade (idcidade,id_uf,nome) VALUES (339,'RN','Baia Formosa');
INSERT INTO cidade (idcidade,id_uf,nome) VALUES (340,'RN','Bom Jesus');
INSERT INTO cidade (idcidade,id_uf,nome) VALUES (341,'RN','Doutor Severiano');
INSERT INTO cidade (idcidade,id_uf,nome) VALUES (342,'RN','Itau');
INSERT INTO cidade (idcidade,id_uf,nome) VALUES (343,'RN','Espirito Santo');
INSERT INTO cidade (idcidade,id_uf,nome) VALUES (344,'RN','Felipe Guerra');
INSERT INTO cidade (idcidade,id_uf,nome) VALUES (345,'RN','Encanto');
INSERT INTO cidade (idcidade,id_uf,nome) VALUES (346,'RN','Martins');
INSERT INTO cidade (idcidade,id_uf,nome) VALUES (347,'RN','Mossoro');
INSERT INTO cidade (idcidade,id_uf,nome) VALUES (348,'RN','Ouro Branco');

----ESTADO DO RIO GRANDE DO SUL CIDADES
INSERT INTO cidade (idcidade,id_uf,nome) VALUES (349,'RS','Porto Alegre');
INSERT INTO cidade (idcidade,id_uf,nome) VALUES (350,'RS','Agua Santa');
INSERT INTO cidade (idcidade,id_uf,nome) VALUES (351,'RS','Agudo');
INSERT INTO cidade (idcidade,id_uf,nome) VALUES (352,'RS','Chapada');
INSERT INTO cidade (idcidade,id_uf,nome) VALUES (353,'RS','Coqueiros do Sul');
INSERT INTO cidade (idcidade,id_uf,nome) VALUES (354,'RS','Nao-Me-Toque');
INSERT INTO cidade (idcidade,id_uf,nome) VALUES (355,'RS','Nova Boa Vista');
INSERT INTO cidade (idcidade,id_uf,nome) VALUES (356,'RS','Seberi');
INSERT INTO cidade (idcidade,id_uf,nome) VALUES (357,'RS','Sete de Setembro');
INSERT INTO cidade (idcidade,id_uf,nome) VALUES (358,'RS','Sertao');
INSERT INTO cidade (idcidade,id_uf,nome) VALUES (359,'RS','Tavares');
INSERT INTO cidade (idcidade,id_uf,nome) VALUES (360,'RS','Sobradinho');
INSERT INTO cidade (idcidade,id_uf,nome) VALUES (361,'RS','Xangri-la');
INSERT INTO cidade (idcidade,id_uf,nome) VALUES (362,'RS','Vista Alegre');

----ESTADO SANTA CATARINA CIDADES
INSERT INTO cidade (idcidade,id_uf,nome) VALUES (363,'SC','Florianópolis');
INSERT INTO cidade (idcidade,id_uf,nome) VALUES (364,'SC','Agrolandia');
INSERT INTO cidade (idcidade,id_uf,nome) VALUES (365,'SC','Angelina');
INSERT INTO cidade (idcidade,id_uf,nome) VALUES (366,'SC','Celso Ramos');
INSERT INTO cidade (idcidade,id_uf,nome) VALUES (367,'SC','Corupa');
INSERT INTO cidade (idcidade,id_uf,nome) VALUES (368,'SC','Joinville');
INSERT INTO cidade (idcidade,id_uf,nome) VALUES (369,'SC','Lages');
INSERT INTO cidade (idcidade,id_uf,nome) VALUES (370,'SC','Palmeira');
INSERT INTO cidade (idcidade,id_uf,nome) VALUES (371,'SC','Ponte Alta');
INSERT INTO cidade (idcidade,id_uf,nome) VALUES (372,'SC','Sao Jose');
INSERT INTO cidade (idcidade,id_uf,nome) VALUES (373,'SC','Sao Ludgero');
INSERT INTO cidade (idcidade,id_uf,nome) VALUES (374,'SC','Vargeao');
INSERT INTO cidade (idcidade,id_uf,nome) VALUES (375,'SC','Zortea');
INSERT INTO cidade (idcidade,id_uf,nome) VALUES (376,'SC','Urubici');

----ESTADO SÃO PAULO CIDADES
INSERT INTO cidade (idcidade,id_uf,nome) VALUES (377,'SP','São Paulo');
INSERT INTO cidade (idcidade,id_uf,nome) VALUES (378,'SP','Adolfo');
INSERT INTO cidade (idcidade,id_uf,nome) VALUES (379,'SP','Alto Alegre');
INSERT INTO cidade (idcidade,id_uf,nome) VALUES (380,'SP','Bofete');
INSERT INTO cidade (idcidade,id_uf,nome) VALUES (381,'SP','Fartura');
INSERT INTO cidade (idcidade,id_uf,nome) VALUES (382,'SP','Reginopolis');
INSERT INTO cidade (idcidade,id_uf,nome) VALUES (383,'SP','Santa Cruz da Esperanca');
INSERT INTO cidade (idcidade,id_uf,nome) VALUES (384,'SP','Tiete');
INSERT INTO cidade (idcidade,id_uf,nome) VALUES (385,'SP','Ponte Alta');
INSERT INTO cidade (idcidade,id_uf,nome) VALUES (386,'SP','Vista Alegre do Alto');
INSERT INTO cidade (idcidade,id_uf,nome) VALUES (387,'SP','Zacarias');
INSERT INTO cidade (idcidade,id_uf,nome) VALUES (388,'SP','Uru');
INSERT INTO cidade (idcidade,id_uf,nome) VALUES (389,'SP','Zortea');
INSERT INTO cidade (idcidade,id_uf,nome) VALUES (390,'SP','Valentim Gentil');

----ESTADO SERGIPE CIDADES
INSERT INTO cidade (idcidade,id_uf,nome) VALUES (391,'SE','Aracaju');
INSERT INTO cidade (idcidade,id_uf,nome) VALUES (392,'SE','Carira');
INSERT INTO cidade (idcidade,id_uf,nome) VALUES (393,'SE','Barra dos Coqueiros');
INSERT INTO cidade (idcidade,id_uf,nome) VALUES (394,'SE','Campo do Brito');
INSERT INTO cidade (idcidade,id_uf,nome) VALUES (395,'SE','Feira Nova');
INSERT INTO cidade (idcidade,id_uf,nome) VALUES (396,'SE','Japoata');
INSERT INTO cidade (idcidade,id_uf,nome) VALUES (397,'SE','Pedra Mole');
INSERT INTO cidade (idcidade,id_uf,nome) VALUES (398,'SE','Poco Verde');
INSERT INTO cidade (idcidade,id_uf,nome) VALUES (399,'SE','Ponte Alta');
INSERT INTO cidade (idcidade,id_uf,nome) VALUES (400,'SE','Sao Cristovao');
INSERT INTO cidade (idcidade,id_uf,nome) VALUES (401,'SE','Riachuelo');
INSERT INTO cidade (idcidade,id_uf,nome) VALUES (402,'SE','Siriri');
INSERT INTO cidade (idcidade,id_uf,nome) VALUES (403,'SE','Telha');
INSERT INTO cidade (idcidade,id_uf,nome) VALUES (404,'SE','Umbauba');

----ESTADO TOCANTINS CIDADES
INSERT INTO cidade (idcidade,id_uf,nome) VALUES (405,'TO','Palmas');
INSERT INTO cidade (idcidade,id_uf,nome) VALUES (406,'TO','Miracema do Tocantins');
INSERT INTO cidade (idcidade,id_uf,nome) VALUES (408,'TO','Bico do Papagaio');
INSERT INTO cidade (idcidade,id_uf,nome) VALUES (409,'TO','Gurupi');
INSERT INTO cidade (idcidade,id_uf,nome) VALUES (410,'TO','Dianópolis');
INSERT INTO cidade (idcidade,id_uf,nome) VALUES (411,'TO','Gurupi');
INSERT INTO cidade (idcidade,id_uf,nome) VALUES (412,'TO','Bico do Papagaio');
INSERT INTO cidade (idcidade,id_uf,nome) VALUES (413,'TO','Porto Nacional');
INSERT INTO cidade (idcidade,id_uf,nome) VALUES (414,'TO','Miracema do Tocantins');
INSERT INTO cidade (idcidade,id_uf,nome) VALUES (415,'TO','Araguaína');
INSERT INTO cidade (idcidade,id_uf,nome) VALUES (416,'TO','Jalapão');
INSERT INTO cidade (idcidade,id_uf,nome) VALUES (417,'TO','Rio Formoso');
INSERT INTO cidade (idcidade,id_uf,nome) VALUES (418,'TO','Ipueiras');
INSERT INTO cidade (idcidade,id_uf,nome) VALUES (419,'TO','tacajá');

-----PROPRIETÁRIO

INSERT INTO condutor (idcadastro,cpf,nome,datanasc,idcategoriacnh,id_uf,endereco,bairro,situacaocnh,idcidade)
VALUES (default,79835295468,'ADALBERTO PEREIRA CHAVES','1971-01-25', 'A','AC','Santa Rosa do Purus','Aeroporto Velho-12','R',64); -- proprietario -id

INSERT INTO condutor (idcadastro,cpf,nome,datanasc,idcategoriacnh,id_uf,endereco,bairro,situacaocnh,idcidade)
VALUES (default,07789675494,'ADRIANO GOMES NASCIMENTO','1971-01-26', 'A','AC','Sena Madureira','Abraão Alab-12','R',65); -- proprietario -id

INSERT INTO condutor (idcadastro,cpf,nome,datanasc,idcategoriacnh,id_uf,endereco,bairro,situacaocnh,idcidade)
VALUES (default,05998495411,'ALBERTO PAULINO DA SILVA','1971-02-28', 'B','PB','Areia','Águia de Haia-03','R',8); -- proprietario -id

INSERT INTO condutor (idcadastro,cpf,nome,datanasc,idcategoriacnh,id_uf,endereco,bairro,situacaocnh,idcidade)
VALUES (default,07967809432,'ALEXANDRE GONCALO DE SOUSA','1972-02-29', 'B','PB','João Pessoa','Tambaú','S',45); -- proprietario id

INSERT INTO condutor (idcadastro,cpf,nome,datanasc,idcategoriacnh,id_uf,endereco,bairro,situacaocnh,idcidade)
VALUES (default,64610764920,'ADRIANO FERNANDES CARDOSO','01-02-1968', 'C','PB','"Baia da Traicao"','R.Pedro americo','R',9); -- proprietario id

INSERT INTO condutor (idcadastro,cpf,nome,datanasc,idcategoriacnh,id_uf,endereco,bairro,situacaocnh,idcidade)
VALUES (default,18849539215,'ANA LUCIA DE SOUZA','31-12-1960', 'C','PB','Cabaceiras','R.Pedro condeferação','R',18); -- proprietario id

INSERT INTO condutor (idcadastro,cpf,nome,datanasc,idcategoriacnh,id_uf,endereco,bairro,situacaocnh,idcidade)
VALUES (default,59769661287 ,'BENILDO FERNANDES DE AZEVEDO JUNIOR','19-10-1978', 'C','PB','Acrelandia','R.Crelandia 2','S',47); -- proprietario id

INSERT INTO condutor (idcadastro,cpf,nome,datanasc,idcategoriacnh,id_uf,endereco,bairro,situacaocnh,idcidade)
VALUES (default,52842371291,'BRENDA CARINA NUNES CARDOSO','29-04-1991', 'D','AC','Jordão','R.Crelandia jordao 1','R',54); -- proprietario id

INSERT INTO condutor (idcadastro,cpf,nome,datanasc,idcategoriacnh,id_uf,endereco,bairro,situacaocnh,idcidade)
VALUES (default,76425711272 ,'CARLA ELUANE DE ALMEIDA LEAL','15-11-1984', 'D','AC','Manaoel urbano','R.Placido jordao 1','R',57); -- proprietario id

INSERT INTO condutor (idcadastro,cpf,nome,datanasc,idcategoriacnh,id_uf,endereco,bairro,situacaocnh,idcidade)
VALUES (default,76131947287,'CARLOS ALTEIR SANTOS FERREIRA','27/02/1982', 'D','AC','Placido de Castro','R.Placido Antonio 3','S',59); -- proprietario id

INSERT INTO condutor (idcadastro,cpf,nome,datanasc,idcategoriacnh,id_uf,endereco,bairro,situacaocnh,idcidade)
VALUES (default,76131947287,'CARLOS HENRIQUE GOMES SANTIAGO','10-11-1970', 'E','AC','Xarupi','R.Placido xarupi 3','R',68); -- proprietario id

INSERT INTO condutor (idcadastro,cpf,nome,datanasc,idcategoriacnh,id_uf,endereco,bairro,situacaocnh,idcidade)
VALUES (default,76131947207,'CARLOS HENRIQUE SANTIAGO','10-12-1970', 'E','AL','Belo Monte','R.Placido Belo ','S',74); -- proprietario id

INSERT INTO condutor (idcadastro,cpf,nome,datanasc,idcategoriacnh,id_uf,endereco,bairro,situacaocnh,idcidade)
VALUES (default,81949332268,'CAROLINA COSTA ROSA','27-10-1983', 'E','AL','Coite do Noia','R.Campo Alegre','S',79); -- proprietario id

INSERT INTO condutor (idcadastro,cpf,nome,datanasc,idcategoriacnh,id_uf,endereco,bairro,situacaocnh,idcidade)
VALUES (default,16386110234 ,'CHRISTIAN KAMPMANN','30-12-1979', 'AB','AP','Cutias','R.Campo Alegre Cutias' ,'R',82); -- proprietario id

INSERT INTO condutor (idcadastro,cpf,nome,datanasc,idcategoriacnh,id_uf,endereco,bairro,situacaocnh,idcidade)
VALUES (default,16386100234 ,'CLAUDINA BARRIGA NOBRE','21-12-1961', 'AB','AP','Serra do Navio','R.Campo Alegre Cutias' ,'S',91); -- proprietario id

INSERT INTO condutor (idcadastro,cpf,nome,datanasc,idcategoriacnh,id_uf,endereco,bairro,situacaocnh,idcidade)
VALUES (default,16386000334 ,'DANILO PANTOJA LEITE','03-11-1992', 'AB','AP','Macapá','R.Macapá Alegre Cutias' ,'R',86); -- proprietario id

INSERT INTO condutor (idcadastro,cpf,nome,datanasc,idcategoriacnh,id_uf,endereco,bairro,situacaocnh,idcidade)
VALUES (default,16386000334 ,'DANILO PANTOJA ','03-11-1992', 'AB','AP','Macapá','R.Macapá Alegre Cutias' ,'R',86); -- proprietario id



-----------------------------------------------------------------------------------
-----------------------------------------------------------------------------------
INSERT INTO condutor (idcadastro,cpf,nome,datanasc,idcategoriacnh,id_uf,endereco,bairro,situacaocnh,idcidade)
VALUES (default,79835295469,'JONAS PEREIRA CHAVES','1971-01-26', 'A','AM','Alvaraes','Aeroporto Velho-12','R',95); -- proprietario -id

INSERT INTO condutor (idcadastro,cpf,nome,datanasc,idcategoriacnh,id_uf,endereco,bairro,situacaocnh,idcidade)
VALUES (default,17789675495,'JOÃO GOMES NASCIMENTO','1971-02-26', 'AB','AM','Guajara','Laurindo Alab-12','R',103); -- proprietario -id

INSERT INTO condutor (idcadastro,cpf,nome,datanasc,idcategoriacnh,id_uf,endereco,bairro,situacaocnh,idcidade)
VALUES (default,25998495411,'PAULINO DA SILVA','1971-02-28', 'B','BA','Barro Alto','Águia de Haia-03','S',113); -- proprietario -id

INSERT INTO condutor (idcadastro,cpf,nome,datanasc,idcategoriacnh,id_uf,endereco,bairro,situacaocnh,idcidade)
VALUES (default,37967889432,'GONCALO DE SOUSA','1978-03-29','ACC','BA','Gentil do Ouro','R.barra','R',118); -- proprietario id


INSERT INTO condutor (idcadastro,cpf,nome,datanasc,idcategoriacnh,id_uf,endereco,bairro,situacaocnh,idcidade)
VALUES (default,64610764921,'ADRIANO FERNANDES CARDOSO','01-02-1969', 'C','CE','Boa Viagem','R.Pedro americo','R',126); -- proprietario id

INSERT INTO condutor (idcadastro,cpf,nome,datanasc,idcategoriacnh,id_uf,endereco,bairro,situacaocnh,idcidade)
VALUES (default,18849739215,'ANA LUCIA DE SOUZA','31-12-1960', 'C','CE','Choro','R.Pedro condeferação','S',129); -- proprietario id

INSERT INTO condutor (idcadastro,cpf,nome,datanasc,idcategoriacnh,id_uf,endereco,bairro,situacaocnh,idcidade)
VALUES (default,59769666287 ,'BENILDO FERNANDES DE AZEVEDO JUNIOR','19-10-1979', 'D','DF','Brasilia','R.Crelandia 2','R',138); -- proprietario id


INSERT INTO condutor (idcadastro,cpf,nome,datanasc,idcategoriacnh,id_uf,endereco,bairro,situacaocnh,idcidade)
VALUES (default,52842371299,'CARINA NUNES CARDOSO','29-04-1992', 'D','ES','Bom Jesus do Norte','R.Crelandia jordao 1','S',155); -- proprietario id


INSERT INTO condutor (idcadastro,cpf,nome,datanasc,idcategoriacnh,id_uf,endereco,bairro,situacaocnh,idcidade)
VALUES (default,76425711273,'ELUANE DE ALMEIDA LEAL','15-11-1985', 'D','GO','Baliza','R.Placido jordao 1','R',170); -- proprietario id


INSERT INTO condutor (idcadastro,cpf,nome,datanasc,idcategoriacnh,id_uf,endereco,bairro,situacaocnh,idcidade)
VALUES (default,76131947288,'ALTEIR SANTOS FERREIRA','27/02/1982', 'E','MA','Afonso Cunha','R.Placido Antonio 3','S',181); -- proprietario id


INSERT INTO condutor (idcadastro,cpf,nome,datanasc,idcategoriacnh,id_uf,endereco,bairro,situacaocnh,idcidade)
VALUES (default,76131947287,'HENRIQUE GOMES SANTIAGO','10-11-1970', 'E','MT','Bacuri','R.Placido xarupi 3','R',198); -- proprietario id

INSERT INTO condutor (idcadastro,cpf,nome,datanasc,idcategoriacnh,id_uf,endereco,bairro,situacaocnh,idcidade)
VALUES (default,76131947207,'CARLOS HENRIQUE SANTIAGO','10-12-1970', 'ACC','MS','Bonito','R.Placido Belo ','S',210); -- proprietario id


INSERT INTO condutor (idcadastro,cpf,nome,datanasc,idcategoriacnh,id_uf,endereco,bairro,situacaocnh,idcidade)
VALUES (default,81949332268,'CAROLINA COSTA ROSA','27-10-1983', 'E','MG','Vicentina','R.Campo Alegre','S',220); -- proprietario id


INSERT INTO condutor (idcadastro,cpf,nome,datanasc,idcategoriacnh,id_uf,endereco,bairro,situacaocnh,idcidade)
VALUES (default,16386110224 ,'PEDRO CHRISTIAN KAMPMANN','30-12-1979', 'AB','PA','Juruti','R.Campo Alegre Cutias' ,'R',238); -- proprietario id


INSERT INTO condutor (idcadastro,cpf,nome,datanasc,idcategoriacnh,id_uf,endereco,bairro,situacaocnh,idcidade)
VALUES (default,16386100234 ,'CLAUDINA ANA BARRIGA NOBRE','21-11-1961', 'AB','PR','Ceu Azul','R.Campo Alegre Cutias' ,'S',253); -- proprietario id

INSERT INTO condutor (idcadastro,cpf,nome,datanasc,idcategoriacnh,id_uf,endereco,bairro,situacaocnh,idcidade)
VALUES (default,16386111334 ,'DANILO HELENO PANTOJA LEITE','03-10-1992', 'AB','PE','Recife','R.Macapá Alegre Cutias' ,'R',265); -- proprietario id

INSERT INTO condutor (idcadastro,cpf,nome,datanasc,idcategoriacnh,id_uf,endereco,bairro,situacaocnh,idcidade)
VALUES (default,16386000334 ,'DANILO ROMEU PANTOJA LEITE','04-11-1993', 'AB','PI','Batalha','R.Macapá Alegre Cutias' ,'R',281); -- proprietario id


---- -----TABELA MARCA ----------

insert into marca (idmarca,nome,origem) values (1,'Volkswagen','Alemanha');
insert into marca (idmarca,nome,origem) values (2,'Toyota','Japão');
insert into marca (idmarca,nome,origem) values (3,'Renault- Nissan','Rússia');
insert into marca (idmarca,nome,origem) values (4,'General Motors','Estados Unidos');
insert into marca (idmarca,nome,origem) values (5,'Hyundai-Kia','Coreia do Su');
insert into marca (idmarca,nome,origem) values (6,'Ford','Estados Unidos');
insert into marca (idmarca,nome,origem) values (7,'Honda','Japão');
insert into marca (idmarca,nome,origem) values (8,'Fiat-Chrysler','Itália');
insert into marca (idmarca,nome,origem) values (9,'Peugeot-Citröen',' França');
insert into marca (idmarca,nome,origem) values (10,'Suzuki-Maruti','Índia');


---- -----TABELA TIPO ----------

insert into tipo (idtipo,descricao) values (1,'automóvel');
insert into tipo (idtipo,descricao) values (2,'motocicleta');
insert into tipo (idtipo,descricao) values (3,'automóvel');
insert into tipo (idtipo,descricao) values (4,'caminhão');
insert into tipo (idtipo,descricao) values (5,'charrete');
insert into tipo (idtipo,descricao) values (6,'motocicleta');
insert into tipo (idtipo,descricao) values (7,'caminhonete');
insert into tipo (idtipo,descricao) values (8,'automóvel');
insert into tipo (idtipo,descricao) values (9,'caminhonete');
insert into tipo (idtipo,descricao) values (10,'caminhão');

---- -----TABELA MODELO ----------
insert into modelo (idModelo,denominacao,idMarca,idTipo) values (1,'O Volkswagen Gol foi lançado na década de 80',1,1);

insert into modelo (idModelo,denominacao,idMarca,idTipo) values (2,'Toyota Corolla é um modelo compacto da Toyota oferecido em versões sedan, hatchback e perua',2,2);

insert into modelo (idModelo,denominacao,idMarca,idTipo) values (3,'Sandero é o modelo da Renault mais vendido no mercado brasileiro de automóveis.',3,3);

insert into modelo (idModelo,denominacao,idMarca,idTipo) values (4,'Chevrolet Classic, foi um modelo compacto sedan de quatro portas fabricado pela Chevrolet',4,4);

insert into modelo (idModelo,denominacao,idMarca,idTipo) values (5,'O HB20S é um modelo sedan compacto de quatro portas fabricado pela Hyundai derivado do HB20',5,5);



---- -----TABELA CATEGORIA_VEICULO----------

insert into categoria_veiculos(idCategoria,nome,idEspecie) values (DEFAULT,'Oficial',1);
insert into categoria_veiculos(idCategoria,nome,idEspecie) values (DEFAULT,'Particular',2);
insert into categoria_veiculos(idCategoria,nome,idEspecie) values (DEFAULT,'Oficial',3);
insert into categoria_veiculos(idCategoria,nome,idEspecie) values (DEFAULT,'Particular',4);
insert into categoria_veiculos(idCategoria,nome,idEspecie) values (DEFAULT,'Aprendizagem',5);
insert into categoria_veiculos(idCategoria,nome,idEspecie) values (DEFAULT,'Aluguel',6);
insert into categoria_veiculos(idCategoria,nome,idEspecie) values (DEFAULT,'Aprendizagem',7);
insert into categoria_veiculos(idCategoria,nome,idEspecie) values (DEFAULT,'Aluguel',8);
insert into categoria_veiculos(idCategoria,nome,idEspecie) values (DEFAULT,'Aluguel',9);
insert into categoria_veiculos(idCategoria,nome,idEspecie) values (DEFAULT,'Particular',10);
